study;sample;Larcenist_type;type_study;Larcenist_behavior;tips_phylo;sp_plant;sp_genus;plant_family;self_compatible;players;Type_of_metric;n_larcenist;mean_larcenist;sd_larcenist;n_control;mean_control;sd_control;yi;vi
Andaloetal2019;3;Robbers;Experimental;Experimental;Antirrhinum_valentinum;Antirrhinum_valentinum;Antirrhinum;Plantaginaceae;no;insect-insect;female;13;519.89;200.1;10;590.81;352.22;-0.127877226;0.046936578
Andaloetal2019;4;Robbers;Experimental;Experimental;Antirrhinum_valentinum;Antirrhinum_valentinum;Antirrhinum;Plantaginaceae;no;insect-insect;female;20;454.08;248.71;20;507.65;298.35;-0.11151884;0.032270056
Andaloetal2019;2;Robbers;Experimental;Experimental;Antirrhinum_valentinum;Antirrhinum_valentinum;Antirrhinum;Plantaginaceae;no;insect-insect;female;39;0.326;0.341;35;0.356;0.397;-0.088033349;0.063586368
Andaloetal2019;1;Robbers;Experimental;Experimental;Antirrhinum_valentinum;Antirrhinum_valentinum;Antirrhinum;Plantaginaceae;no;insect-insect;female;30;0.25;0.34;25;0.22;0.32;0.127833372;0.146281433
Arizmendieetal1996;5;Robbers;Experimental;Facultative;Salvia_mexicana;Salvia_mexicana;Salvia;Lamiaceae;yes;bird-bird;female;30;0.9;1.2;30;2.5;1.2;-1.021651248;0.066939259
Arizmendieetal1996;6;Robbers;Non-Experimental;Facultative;Salvia_mexicana;Salvia_mexicana;Salvia;Lamiaceae;yes;bird-bird;nectar;10;23.3;3.2;10;25.07;1.1;-0.073218552;0.002078722
Arizmendieetal1996;7;Robbers;Non-Experimental;Facultative;Fuchsia_microphylla;Fuchsia_microphylla;Fuchsia;Onagraceae;yes;NA;nectar;10;21.2;4.9;10;15.3;3.5;0.326148353;0.010575234
Bergamo&Sazima2018;8;Robbers;Non-Experimental;Obligatory;Besleria_longimucronata;Besleria_longimucronata;Besleria;Gesneriaceae;yes;insect-bird;female;30;261;40.92;30;360.3;53.6;-0.32241661;0.001557049
Bergamo&Sazima2018;9;Robbers;Non-Experimental;Obligatory;Crotalaria_vitellina;Crotalaria_vitellina;Crotalaria;Fabaceae;yes;insect-insect;female;30;10.83;1.98;30;10.23;2.37;0.056995481;0.002903229
Brodyetal2008;10;Robbers;Experimental;Obligatory;Ipomopis_aggregata;Ipomopis_aggregata;Ipomopis;Polemoniaceae;yes;insect-bird;female;20;92.3;16.7;20;291.1;47.4;-1.148622709;0.002962506
Brodyetal2008;11;Robbers;Experimental;Obligatory;Ipomopis_aggregata;Ipomopis_aggregata;Ipomopis;Polemoniaceae;yes;insect-bird;female;11;63.62;20.18;10;150.25;22.31;-0.859372687;0.01135146
Brodyetal2008;12;Robbers;Experimental;Obligatory;Ipomopis_aggregata;Ipomopis_aggregata;Ipomopis;Polemoniaceae;yes;insect-bird;female;20;4.1;0.4;20;7.5;1.2;-0.603916047;0.001755907
Brodyetal2008;13;Robbers;Experimental;Obligatory;Ipomopis_aggregata;Ipomopis_aggregata;Ipomopis;Polemoniaceae;yes;insect-bird;female;20;89.7;15.4;20;144.9;19.2;-0.47957308;0.00235164
Brodyetal2008;14;Robbers;Experimental;Obligatory;Ipomopis_aggregata;Ipomopis_aggregata;Ipomopis;Polemoniaceae;yes;insect-bird;female;20;48.9;3.49;20;74.6;3.49;-0.422363111;0.000364117
Brodyetal2008;15;Robbers;Experimental;Obligatory;Ipomopis_aggregata;Ipomopis_aggregata;Ipomopis;Polemoniaceae;yes;insect-bird;female;20;3.14;0.4;20;4.4;0.3;-0.337381741;0.00104383
Brodyetal2008;16;Robbers;Experimental;Obligatory;Ipomopis_aggregata;Ipomopis_aggregata;Ipomopis;Polemoniaceae;yes;insect-bird;female;20;46.6;2.2;20;64.4;4.76;-0.323513092;0.000384598
Brodyetal2008;17;Robbers;Experimental;Obligatory;Ipomopis_aggregata;Ipomopis_aggregata;Ipomopis;Polemoniaceae;yes;insect-bird;female;11;68.2;10.2;10;74.1;11.8;-0.082970967;0.004569349
Brodyetal2008;18;Robbers;Experimental;Obligatory;Ipomopis_aggregata;Ipomopis_aggregata;Ipomopis;Polemoniaceae;yes;insect-bird;female;20;138.5;15.4;20;128.5;17.9;0.074941421;0.001588395
Brodyetal2008;19;Robbers;Experimental;Obligatory;Ipomopis_aggregata;Ipomopis_aggregata;Ipomopis;Polemoniaceae;yes;insect-bird;female;20;5.2;0.3;20;4.7;0.5;0.101096117;0.000732287
Brodyetal2008;20;Robbers;Experimental;Obligatory;Ipomopis_aggregata;Ipomopis_aggregata;Ipomopis;Polemoniaceae;yes;insect-bird;female;20;45.4;3.8;20;40.31;4.4;0.118912528;0.000946019
Burkleetal_2007;266;Robbers;Experimental;Obligatory;Linaria_vulgaris;Linaria_vulgaris;Linaria;Scrophulariaceae;yes;insect-bird;female;11;63.62;6.084498934;10;150.25;7.05504146;-0.859372687;0.001051995
Burkleetal_2007;21;Robbers;Experimental;Obligatory;Delphinium_nuttallianum;Delphinium_nuttallianum;Delphinium;Ranunculaceae;yes;insect-bird;female;27;49.8;10.1;24;97.9;10.4;-0.675931566;0.00199363
Burkleetal_2007;22;Robbers;Non-Experimental;Obligatory;Delphinium_nuttallianum;Delphinium_nuttallianum;Delphinium;Ranunculaceae;yes;insect-bird;female;30;52.7;4.6;30;67.8;4.5;-0.251946739;0.000400805
Burkleetal_2007;23;Robbers;Non-Experimental;Obligatory;Delphinium_nuttallianum;Delphinium_nuttallianum;Delphinium;Ranunculaceae;yes;insect-bird;female;30;21;2.4;30;25.8;2.8;-0.205852054;0.000827979
Burkleetal_2007;24;Robbers;Experimental;Obligatory;Delphinium_nuttallianum;Delphinium_nuttallianum;Delphinium;Ranunculaceae;yes;insect-bird;female;27;51.9;4.4;24;63.28;4.3;-0.198250533;0.000458594
Burkleetal_2007;267;Robbers;Experimental;Obligatory;Linaria_vulgaris;Linaria_vulgaris;Linaria;Scrophulariaceae;yes;insect-bird;female;11;68.2;3.075415715;10;74.1;3.731487639;-0.082970967;0.000438449
Burkleetal_2007;265;Robbers;Non-Experimental;Obligatory;Linaria_vulgaris;Linaria_vulgaris;Linaria;Scrophulariaceae;yes;insect-bird;female;18;111.44;3.174909448;18;41.79;3.290403555;0.980829253;0.000389507
Caballeroetal_2013;25;Robbers;Non-Experimental;Obligatory;Tristerix_aphyllus;Tristerix_aphyllus;Tristerix;Loranthaceae;yes;insect-bird;visitation;20;1.11;0.13;20;1.24;0.12;-0.110751364;0.001154083
Caballeroetal_2013;26;Robbers;Non-Experimental;Obligatory;Tristerix_aphyllus;Tristerix_aphyllus;Tristerix;Loranthaceae;yes;insect-bird;nectar;20;3.43;0.34;20;3.73;0.39;-0.083847972;0.001037907
Caballeroetal_2013;27;Robbers;Non-Experimental;Obligatory;Tristerix_aphyllus;Tristerix_aphyllus;Tristerix;Loranthaceae;yes;insect-bird;visitation;20;15.4;3.43;20;16.74;23.53;-0.083433556;0.101268089
Carrio&Guemes2019;28;Robbers;Non-Experimental;Facultative;Antirrhinum_valentinum;Antirrhinum_valentinum;Antirrhinum_valentinum;Plantaginaceae;no;insect-insect;female;20;72.8;8.3;20;77.8;11.1;-0.066425476;0.001667712
Carrio&Guemes2019;29;Robbers;Non-Experimental;Facultative;Antirrhinum_valentinum;Antirrhinum_valentinum;Antirrhinum_valentinum;Plantaginaceae;no;insect-insect;female;20;62.8;7.8;20;63.3;8.9;-0.007930256;0.001759752
Carrio&Guemes2019;30;Robbers;Non-Experimental;Facultative;Antirrhinum_valentinum;Antirrhinum_valentinum;Antirrhinum_valentinum;Plantaginaceae;no;insect-insect;female;20;87.2;6.1;20;84.4;90;0.032636929;0.057099871
Carrio&Guemes2019;31;Robbers;Non-Experimental;Facultative;Antirrhinum_valentinum;Antirrhinum_valentinum;Antirrhinum_valentinum;Plantaginaceae;no;insect-insect;female;20;86.7;5.2;20;83.33;5;0.039645255;0.000359876
Carrio&Guemes2019;32;Robbers;Non-Experimental;Facultative;Antirrhinum_valentinum;Antirrhinum_valentinum;Antirrhinum_valentinum;Plantaginaceae;no;insect-insect;female;20;87;4.8;20;81.67;5;0.063221381;0.000339606
Carrio&Guemes2019;33;Robbers;Non-Experimental;Facultative;Antirrhinum_valentinum;Antirrhinum_valentinum;Antirrhinum_valentinum;Plantaginaceae;no;insect-insect;female;20;76.7;5.6;20;71.7;5;0.067410961;0.000509684
Castroetal_2008;34;Robbers;Non-Experimental;Obligatory;Polygala_vayredae;Polygala_vayredae;Polygala;Polygalaceae;no;insect-insect;female;200;7.86;1.1;200;8.23;1.42;-0.045999408;0.000246778
Castroetal_2008;35;Robbers;Non-Experimental;Obligatory;Polygala_vayredae;Polygala_vayredae;Polygala;Polygalaceae;no;insect-insect;nectar;20;71.5;23.41;95;70.2;19.99;0.018349139;0.006213498
Castroetal_2008;36;Robbers;Non-Experimental;Obligatory;Polygala_vayredae;Polygala_vayredae;Polygala;Polygalaceae;no;insect-insect;nectar;20;0.67;0.59;95;0.34;0.77;0.678332095;0.0927609
Colwell_1995;37;Thieves;Non-Experimental;Obligatory;Hamelia_patens;Hamelia_patens;Hamelia;Rubiaceae;yes;insect-bird;nectar;18;6.3;4.285067094;18;10.6;3.945655839;-0.520304368;0.033399267
Cruzetal_2007;38;Thieves;Non-Experimental;Obligatory;Heliconia_spathocircinata;Heliconia_spathocircinata;Heliconia;Heliconiaceae;no;insect-bird;nectar;27;14;12;21;28;27;-0.693147181;0.07148931
Cruzetal_2007;39;Thieves;Non-Experimental;Obligatory;Heliconia_spathocircinata;Heliconia_spathocircinata;Heliconia;Heliconiaceae;no;insect-bird;nectar;27;18;22;21;34;27;-0.635988767;0.085356591
Cruzetal_2007;40;Thieves;Non-Experimental;Obligatory;Heliconia_laneana;Heliconia_laneana;Heliconia;Heliconiaceae;no;insect-bird;nectar;18;43;17;8;61;18;-0.349673748;0.019567543
Cruzetal_2007;41;Thieves;Non-Experimental;Obligatory;Heliconia_laneana;Heliconia_laneana;Heliconia;Heliconiaceae;no;insect-bird;nectar;18;43;17;8;23;18;0.6257059;0.085242919
Cuevas-Garciaetal2013;42;Robbers;Non-Experimental;NA;Salvia_gesnerifolia;Salvia_gesnerifolia;Salvia;Lamiaceae;yes;NA;female;10;0.75;0.537587202;10;1.28;0.790569415;-0.53454215;0.08952475
Cuevas-Garciaetal2013;43;Robbers;Non-Experimental;NA;Salvia_gesnerifolia;Salvia_gesnerifolia;Salvia;Lamiaceae;yes;NA;female;10;62.5;31.71764493;10;91.6;11.7636729;-0.382264715;0.027403112
Cuevas-Garciaetal2013;44;Robbers;Non-Experimental;NA;Salvia_gesnerifolia;Salvia_gesnerifolia;Salvia;Lamiaceae;yes;NA;female;10;0.25;0.09486833;10;0.34;0.18973666;-0.3074847;0.045541869
Cuevas-Garciaetal2013;46;Robbers;Non-Experimental;NA;Salvia_gesnerifolia;Salvia_gesnerifolia;Salvia;Lamiaceae;yes;NA;female;10;0.03;0.006324555;10;0.04;0.003162278;-0.287682072;0.005069444
Cuevas-Garciaetal2013;45;Robbers;Non-Experimental;NA;Salvia_gesnerifolia;Salvia_gesnerifolia;Salvia;Lamiaceae;yes;NA;female;10;0.03;0.009486833;10;0.04;0.006324555;-0.287682072;0.0125
Cuevas-Garciaetal2013;47;Robbers;Non-Experimental;NA;Salvia_gesnerifolia;Salvia_gesnerifolia;Salvia;Lamiaceae;yes;NA;female;10;0.03;0.009486833;10;0.04;0.006324555;-0.287682072;0.0125
Cuevas-Garciaetal2013;48;Robbers;Non-Experimental;NA;Salvia_gesnerifolia;Salvia_gesnerifolia;Salvia;Lamiaceae;yes;NA;female;10;0.33;0.09486833;10;0.43;0.18973666;-0.264692554;0.027734447
Cuevas-Garciaetal2013;49;Robbers;Non-Experimental;NA;Salvia_gesnerifolia;Salvia_gesnerifolia;Salvia;Lamiaceae;yes;NA;female;10;1.34;0.411096096;10;1.67;0.790569415;-0.220154012;0.031822165
Cuevas-Garciaetal2013;50;Robbers;Non-Experimental;NA;Salvia_gesnerifolia;Salvia_gesnerifolia;Salvia;Lamiaceae;yes;NA;female;10;0.35;0.158113883;10;0.43;0.221359436;-0.205852054;0.046908974
Cuevas-Garciaetal2013;51;Robbers;Non-Experimental;NA;Salvia_gesnerifolia;Salvia_gesnerifolia;Salvia;Lamiaceae;yes;NA;female;10;1.25;0.632455532;10;1.51;0.790569415;-0.1889661;0.053011078
Cuevas&Guerrero_2016;52;Robbers;Non-Experimental;NA;Salvia_gesnerifolia;Salvia_gesnerifolia;Salvia;Lamiaceae;yes;insect-bird;nectar;20;2.17;0.7;20;18.25;3.7;-2.129437912;0.007258083
Cuevas&Guerrero_2016;53;Robbers;Non-Experimental;NA;Salvia_gesnerifolia;Salvia_gesnerifolia;Salvia;Lamiaceae;yes;insect-bird;nectar;20;2.73;1.04;20;20.4;0.9;-2.011233292;0.007353554
Cuevas&Guerrero_2016;54;Robbers;Non-Experimental;NA;Salvia_gesnerifolia;Salvia_gesnerifolia;Salvia;Lamiaceae;yes;insect-bird;nectar;20;4.1;1.1;20;22.4;1.9;-1.698073985;0.003958782
Cuevas&Guerrero_2016;55;Robbers;Non-Experimental;NA;Salvia_gesnerifolia;Salvia_gesnerifolia;Salvia;Lamiaceae;yes;insect-bird;nectar;20;2.7;0.4;20;9.9;1.1;-1.299282984;0.001714678
Cuevas&Guerrero_2016;56;Robbers;Non-Experimental;NA;Salvia_gesnerifolia;Salvia_gesnerifolia;Salvia;Lamiaceae;yes;insect-bird;visitation;7;0.21;0.04;7;0.07;0.06;1.098612289;0.058309038
Dedej&Delaplane_2005;57;Robbers;Non-Experimental;Obligatory;Vaccinium_ashei;Vaccinium_ashei;Vaccinium;Ericaceae;no;insect-insect;nectar;20;0.07;0.134164079;25;0.5;0.5;-1.966112856;0.22367347
Dedej&Delaplane_2005;58;Robbers;Non-Experimental;Obligatory;Vaccinium_ashei;Vaccinium_ashei;Vaccinium;Ericaceae;no;insect-insect;nectar;20;0.3;0.447213595;25;1.9;0.5;-1.84582669;0.113881194
Dedej&Delaplane_2005;59;Robbers;Non-Experimental;Obligatory;Vaccinium_ashei;Vaccinium_ashei;Vaccinium;Ericaceae;no;insect-insect;female;37;10.3;4.257933771;38;18.6;8.013738204;-0.591017685;0.009503678
Dedej&Delaplane_2005;60;Robbers;Non-Experimental;Obligatory;Vaccinium_ashei;Vaccinium_ashei;Vaccinium;Ericaceae;no;insect-insect;nectar;25;1.9;1;25;3.4;2.5;-0.581921545;0.03270663
Dedej&Delaplane_2005;61;Robbers;Non-Experimental;Obligatory;Vaccinium_ashei;Vaccinium_ashei;Vaccinium;Ericaceae;no;insect-insect;female;64;10.6;5.6;63;17;7.937253933;-0.472359343;0.00782119
Dedej&Delaplane_2005;62;Robbers;Non-Experimental;Obligatory;Vaccinium_ashei;Vaccinium_ashei;Vaccinium;Ericaceae;no;insect-insect;female;65;1.2;0.32249031;65;1.6;0.403112887;-0.287682072;0.002087674
Dedej&Delaplane_2005;63;Robbers;Non-Experimental;Obligatory;Vaccinium_ashei;Vaccinium_ashei;Vaccinium;Ericaceae;no;insect-insect;nectar;25;25.5;5.5;25;28.9;6.5;-0.125163143;0.003884266
Dedej&Delaplane_2005;64;Robbers;Non-Experimental;Obligatory;Vaccinium_ashei;Vaccinium_ashei;Vaccinium;Ericaceae;no;insect-insect;female;103;13.9;3.04466747;97;13.8;2.954657341;0.007220248;0.000938404
Dedej&Delaplane_2005;65;Robbers;Non-Experimental;Obligatory;Vaccinium_ashei;Vaccinium_ashei;Vaccinium;Ericaceae;no;insect-insect;female;37;1.07;0.364965752;38;0.8;0.3082207;0.2908022;0.007050629
Dengetal_2015;66;Thieves;Non-Experimental;Obligatory;Alpinia_roxburghii;Alpinia_roxburghii;Alpinia;Zingiberaceae;yes;NA;visitation;60;1.33;2.633628675;60;3.06;6.274233021;-0.833235974;0.135420552
Dengetal_2015;259;Thieves;Non-Experimental;Obligatory;Alpinia_roxburghii;Alpinia_roxburghii;Alpinia;Zingiberaceae;yes;NA;male;8;0.14;0.05;8;0.27;0.03;-0.656779536;0.017487087
Dengetal_2015;262;Thieves;Non-Experimental;Obligatory;Alpinia_roxburghii;Alpinia_roxburghii;Alpinia;Zingiberaceae;yes;NA;visitation;32;0.138125;0.227970534;32;0.2640625;0.336220544;-0.648026745;0.135788444
Dengetal_2015;260;Thieves;Non-Experimental;Obligatory;Alpinia_roxburghii;Alpinia_roxburghii;Alpinia;Zingiberaceae;yes;NA;female;8;646.75;134.73;8;875.12;103.76;-0.302401199;0.00718183
Dengetal_2015;261;Thieves;Non-Experimental;Obligatory;Alpinia_roxburghii;Alpinia_roxburghii;Alpinia;Zingiberaceae;yes;NA;female;8;29.07;2.39;8;29.68;1.61;-0.020766704;0.001212739
Dengetal_2015;67;Thieves;Non-Experimental;Obligatory;Alpinia_roxburghii;Alpinia_roxburghii;Alpinia;Zingiberaceae;yes;NA;visitation;60;7.86;7.281208691;60;6.15;6.351692688;0.245334525;0.032080234
Dengetal2004;68;Thieves;Non-Experimental;Obligatory;Alpinia_kwangsiensis;Alpinia_kwangsiensis;Alpinia;Zingiberaceae;yes;NA;female;50;5.9;4.384062043;50;34.8;69.01362184;-1.774665036;0.089700486
Dengetal2004;69;Thieves;Non-Experimental;Obligatory;Alpinia_roxburghii;Alpinia_roxburghii;Alpinia;Zingiberaceae;yes;NA;male;60;0.14;0.387298335;60;0.27;0.232379001;-0.656779536;0.1398967
Dohzonoetal_2008;70;Robbers;Non-Experimental;Obligatory;Corydalis_ambigua;Corydalis_ambigua;Corydalis;Papaveraceae;yes;insect-insect;nectar;81;0.5;6.3;81;1.22;1.08;-0.891998039;1.969674819
Elyiahuetak2015;71;Robbers;Non-Experimental;NA;Arctostaphylos_pungens;Arctostaphylos_pungens;Arctostaphylos;Ericaceae;no;NA;female;50;2.9;34.64823228;50;27.8;48.7903679;-2.260325284;2.916538556
Elyiahuetak2015;72;Robbers;Non-Experimental;NA;Arctostaphylos_pungens;Arctostaphylos_pungens;Arctostaphylos;Ericaceae;no;NA;female;391;0.122;0.237284639;391;0.122;0.0988686;0;0.011354475
Elyiahuetak2015;73;Robbers;Non-Experimental;NA;Arctostaphylos_pungens;Arctostaphylos_pungens;Arctostaphylos;Ericaceae;no;NA;female;124;41.8;40.08790341;514;40.7;40.80882258;0.026668247;0.009373356
Elyiahuetak2015;74;Robbers;Non-Experimental;NA;Arctostaphylos_pungens;Arctostaphylos_pungens;Arctostaphylos;Ericaceae;no;NA;female;73;43.4;39.30241723;391;40.3;35.59269588;0.074107972;0.01322901
Elyiahuetak2015;75;Robbers;Non-Experimental;NA;Arctostaphylos_pungens;Arctostaphylos_pungens;Arctostaphylos;Ericaceae;no;NA;female;514;0.107;0.249387249;514;0.096;0.090686272;0.108480643;0.01230472
Ferreiraetal2020;76;Robbers;Non-Experimental;Obligatory;Cleistocactus_baumanii;Cleistocactus_baumanii;Cleistocactus;Cactaceae;yes;insect-bird;female;15;542;236;15;825;215;-0.420117385;0.017167326
Fumero-Caban&Melendez-Ackerman_2013;77;Robbers;Experimental;Experimental;Pitcairnia_augustifolia;Pitcairnia_augustifolia;Pitcairna;Bromeliaceae;yes;NA;visitation;5;0.007;2.24E-04;5;0.045;0.002236068;-1.860752341;0.000697909
Fumero-Caban&Melendez-Ackerman_2013;78;Robbers;Experimental;Experimental;Pitcairnia_augustifolia;Pitcairnia_augustifolia;Pitcairna;Bromeliaceae;yes;NA;visitation;5;0.16;0.002236068;5;0.23;0.067082039;-0.362905494;0.017052295
Fumero-Caban&Melendez-Ackerman_2013;79;Robbers;Experimental;Experimental;Pitcairnia_augustifolia;Pitcairnia_augustifolia;Pitcairna;Bromeliaceae;yes;NA;female;6;50;28.16913204;6;39.26;54.72160085;-0.241816817;0.285431781
Fumero-Caban&Melendez-Ackerman_2013;80;Robbers;Experimental;Experimental;Pitcairnia_augustifolia;Pitcairnia_augustifolia;Pitcairna;Bromeliaceae;yes;NA;nectar;20;70.46;16.09968944;20;70.5;12.47725931;-0.000567537;0.004176615
Fumero-Caban&Melendez-Ackerman_2013;81;Robbers;Non-Experimental;Experimental;Pitcairnia_augustifolia;Pitcairnia_augustifolia;Pitcairna;Bromeliaceae;yes;NA;male;6;2.7;0.391918359;6;2.6;0.416413256;0.037740328;0.007751317
Fumero-Caban&Melendez-Ackerman_2013;82;Robbers;Experimental;Experimental;Pitcairnia_augustifolia;Pitcairnia_augustifolia;Pitcairna;Bromeliaceae;yes;NA;nectar;20;1.54;0.290688837;20;1.47;0.415908644;0.046520016;0.005783997
Fumero-Caban&Melendez-Ackerman_2013;83;Robbers;Non-Experimental;Experimental;Pitcairnia_augustifolia;Pitcairnia_augustifolia;Pitcairna;Bromeliaceae;yes;NA;female;15;257.42;117.3513954;15;234.62;64.67882188;0.092741808;0.020887135
Fumero-Caban&Melendez-Ackerman_2013;84;Robbers;Non-Experimental;Experimental;Pitcairnia_augustifolia;Pitcairnia_augustifolia;Pitcairna;Bromeliaceae;yes;NA;male;6;6.6;1.592168333;6;5.4;1.102270384;0.200670695;0.019137786
Gallen&Butchart2003;85;Thieves;Non-Experimental;Obligatory;Polemonium_viscosum;Polemonium_viscosum;Polemonium;Polemoniaceae;no;insect-insect;female;22;4.2;3.096;22;4.6;4.268278341;-0.090971778;0.063834233
Gallen&Butchart2003;86;Thieves;Non-Experimental;Obligatory;Polemonium_viscosum;Polemonium_viscosum;Polemonium;Polemoniaceae;no;insect-insect;female;22;102.5;83.958;22;55.45;60.03732173;0.614381085;0.08378322
Gelvez-Zuningaetal2016;87;Robbers;Non-Experimental;NA;Collaea_speciosa;Collaea_speciosa;Collaea;Fabaceae;no;insect-bird;female;570;0.38;1.456;716;0.22;1.52521605;0.546543706;0.092884235
Gelvez-Zuningaetal2016;88;Robbers;Non-Experimental;NA;Collaea_speciosa;Collaea_speciosa;Collaea;Fabaceae;no;insect-bird;visitation;44;3.44;41.56597166;237;17.11;6.965;1.604191617;0.118070882
Gonzalez-Gomez&Valdivia_2005;89;Robbers;Non-Experimental;Facultative;Puya_coerulea;Puya_coerulea;Puya;Bromeliaceae;NA;bird-bird;nectar;30;5.6;8.215838363;30;37.4;54.77225575;-1.898904107;0.143239342
Goulsonetal_2007;90;Robbers;Non-Experimental;Obligatory;Tropaeolum_majus;Tropaeolum_majus;Tropaeolum;Tropaeolaceae;yes;insect-insect;nectar;27;3.8;2.598076211;39;6.52;3.746998799;-0.539873309;0.025781535
Guerraetal_2010;91;Thieves;Non-Experimental;Obligatory;Neoregelia_johanis;Neoregelia_johanis;Neoregelia;Bromeliaceae;NA;insect-insect;nectar;24;9.1;5.388877434;24;13.1;6.368673331;-0.364337817;0.024459673
Guerraetal_2010;92;Thieves;Non-Experimental;Obligatory;Neoregelia_johanis;Neoregelia_johanis;Neoregelia;Bromeliaceae;NA;insect-insect;nectar;24;27.04;15.67673435;24;34.6;15.18683641;-0.246536431;0.022032443
Hansen&Muller2009;93;Thieves;Non-Experimental;Obligatory;Roussea_simplex;Roussea_simplex;Roussea;Rousseaceae;yes;NA;female;15;87;147.1733672;18;505;428.5067094;-1.758650311;0.230778174
Hazlehurst&Karubian_2016;94;Thieves;Experimental;Experimental;Oreocallis_grandiflora;Oreocallis_grandiflora;Oreocallis;Proteaceae;yes;bird-bird;female;15;12.98;0.89078617;15;13.7;0.968245837;-0.053986122;0.000646979
Hazlehurst&Karubian_2016;263;Thieves;Experimental;Experimental;Oreocallis_grandiflora;Oreocallis_grandiflora;Oreocallis;Proteaceae;yes;bird-bird;nectar;14;4.88;0.138975846;14;4.82;0.120267559;0.012371292;0.000102402
Hazlehurst&Karubian_2016;95;Thieves;Experimental;Experimental;Oreocallis_grandiflora;Oreocallis_grandiflora;Oreocallis;Proteaceae;yes;bird-bird;female;15;0.023;3.87E-04;15;0.021;3.87E-04;0.090971778;4.16E-05
Hazlehurst&Karubian_2016;264;Thieves;Experimental;Experimental;Oreocallis_grandiflora;Oreocallis_grandiflora;Oreocallis;Proteaceae;yes;bird-bird;nectar;14;43.33;3.062813832;14;31.13;0.606683019;0.330673251;0.00038402
Hazlehurst&Karubian_2016;96;Thieves;Experimental;Experimental;Oreocallis_grandiflora;Oreocallis_grandiflora;Oreocallis;Proteaceae;yes;bird-bird;visitation;10;1.07;1.77087549;10;0.53;1.075174404;0.702536921;0.685444739
Heillingetal_2018;97;Robbers;Non-Experimental;Facultative;Corydalis_caseana;Corydalis_caseana;Corydalis;Papaveraceae;yes;insect-insect;visitation;77;0.05;0.6;77;0.08;0.09;-0.470003629;1.886566558
Heillingetal_2018;98;Robbers;Non-Experimental;Facultative;Corydalis_caseana;Corydalis_caseana;Corydalis;Papaveraceae;yes;insect-insect;visitation;77;1.08;0.15;77;1.47;0.18;-0.30830136;0.000445245
Heillingetal_2018;99;Robbers;Non-Experimental;Facultative;Corydalis_caseana;Corydalis_caseana;Corydalis;Papaveraceae;yes;insect-insect;visitation;77;1.07;0.15;77;1.24;0.13;-0.147452731;0.000397968
Heillingetal_2018;100;Robbers;Experimental;Facultative;Corydalis_caseana;Corydalis_caseana;Corydalis;Papaveraceae;yes;insect-insect;female;5;6.73;1.04;5;7.56;0.83;-0.116296047;0.007186721
Heillingetal_2018;101;Robbers;Non-Experimental;Facultative;Corydalis_caseana;Corydalis_caseana;Corydalis;Papaveraceae;yes;insect-insect;female;15;57.6;2.2;15;60.4;2.7;-0.047466537;0.000230472
Heillingetal_2018;102;Robbers;Experimental;Facultative;Corydalis_caseana;Corydalis_caseana;Corydalis;Papaveraceae;yes;insect-insect;female;5;0.73;0.05;5;0.74;0.04;-0.013605652;0.00152263
Heillingetal_2018;103;Robbers;Experimental;Facultative;Corydalis_caseana;Corydalis_caseana;Corydalis;Papaveraceae;yes;insect-insect;female;5;28.16;1.01;5;24.83;0.96;0.125849932;0.000556245
Higashietal;104;Robbers;Non-Experimental;Facultative;Corydalis_ambigua;Corydalis_ambigua;Corydalis;Papaveraceae;yes;insect-insect;female;221;24.6;25.5;32;63.7;31.9;-0.95143812;0.012699081
Irwin&Brody1999;244;Robbers;Experimental;Obligatory;Ipomopis_aggregata;Ipomopis_aggregata;Ipomopis;Polemoniaceae;no;insect-bird;male;15;0.01;0.002581989;15;0.05;0.002581989;-1.609437912;0.004622223
Irwin&Brody1999;239;Robbers;Non-Experimental;Obligatory;Ipomopis_aggregata;Ipomopis_aggregata;Ipomopis;Polemoniaceae;no;insect-bird;male;3;0.01;0.005773503;3;0.03;0.005773503;-1.098612289;0.123456803
Irwin&Brody1999;241;Robbers;Non-Experimental;Obligatory;Ipomopis_aggregata;Ipomopis_aggregata;Ipomopis;Polemoniaceae;no;insect-bird;female;7;34.33;2.109041759;9;61.54;1.073333333;-0.583667762;0.000572968
Irwin&Brody1999;242;Robbers;Non-Experimental;Obligatory;Ipomopis_aggregata;Ipomopis_aggregata;Ipomopis;Polemoniaceae;no;insect-bird;female;7;4.69;0.230558329;9;5.87;1.563333333;-0.224422051;0.008226294
Irwin&Brody1999;247;Robbers;Experimental;Obligatory;Ipomopis_aggregata;Ipomopis_aggregata;Ipomopis;Polemoniaceae;no;insect-bird;female;15;5.4;0.095533589;15;6.39;0.123935467;-0.168335315;4.59E-05
Irwin&Brody1999;245;Robbers;Experimental;Obligatory;Ipomopis_aggregata;Ipomopis_aggregata;Ipomopis;Polemoniaceae;no;insect-bird;female;15;58.93;0.815908492;15;69.11;1.179968926;-0.159349139;3.22E-05
Irwin&Brody1999;243;Robbers;Non-Experimental;Obligatory;Ipomopis_aggregata;Ipomopis_aggregata;Ipomopis;Polemoniaceae;no;insect-bird;female;7;0.9;0.011338934;9;0.94;0.01;-0.043485112;3.53E-05
Irwin&Brody1999;248;Robbers;Experimental;Obligatory;Ipomopis_aggregata;Ipomopis_aggregata;Ipomopis;Polemoniaceae;no;insect-bird;female;15;0.99;0.012909944;15;0.94;0.010327956;0.051825068;1.94E-05
Irwin&Brody1999;240;Robbers;Non-Experimental;Obligatory;Ipomopis_aggregata;Ipomopis_aggregata;Ipomopis;Polemoniaceae;no;insect-bird;female;3;72.99;2.759734287;3;66.28;2.055366958;0.096434253;0.000797074
Irwin&Brody1999;246;Robbers;Experimental;Obligatory;Ipomopis_aggregata;Ipomopis_aggregata;Ipomopis;Polemoniaceae;no;insect-bird;female;15;51.42;0.975991803;15;46.43;1.172222959;0.1020814;6.65E-05
Irwin&Brody2000;105;Robbers;Experimental;Obligatory;Ipomopis_aggregata;Ipomopis_aggregata;Ipomopis;Polemoniaceae;no;insect-bird;visitation;32;12.9;1.1;32;9.9;1.2;0.264692554;0.000686362
Irwin&Brody2000;106;Robbers;Experimental;Obligatory;Ipomopis_aggregata;Ipomopis_aggregata;Ipomopis;Polemoniaceae;no;insect-bird;female;32;121.3;15.4;32;62.8;7.9;0.658311742;0.000998219
Irwin&Brody2000;107;Robbers;Experimental;Obligatory;Ipomopis_aggregata;Ipomopis_aggregata;Ipomopis;Polemoniaceae;no;insect-bird;female;32;17.7;1.5;32;8.1;1.5;0.781700578;0.001296106
Irwinetal_2008;251;Robbers;Experimental;Obligatory;Ipomopis_aggregata;Ipomopis_aggregata;Ipomopis;Polemoniaceae;no;insect-bird;female;25;0.55;0.034;25;1.25;0.062;-0.820980552;0.000251266
Irwinetal_2008;252;Robbers;Experimental;Obligatory;Ipomopis_aggregata;Ipomopis_aggregata;Ipomopis;Polemoniaceae;no;insect-bird;female;15;0.6;0.061967734;15;0.96;0.077459667;-0.470003629;0.001145139
Irwinetal_2008;108;Robbers;Experimental;Obligatory;Polemonium_viscosum;Polemonium_viscosum;Polemonium;Polemoniaceae;no;insect-insect;nectar;15;50;15.8;14;40.41;13.3;0.212945726;0.014394511
Irwinetal2015;249;Robbers;Experimental;Obligatory;Ipomopis_aggregata;Ipomopis_aggregata;Ipomopis;Polemoniaceae;no;insect-bird;female;24;23.8;1.122682799;24;48.42;1.796292478;-0.710227371;0.000150059
Irwinetal2015;250;Robbers;Experimental;Obligatory;Ipomopis_aggregata;Ipomopis_aggregata;Ipomopis;Polemoniaceae;no;insect-bird;male;30;75.78;0.629880941;30;77.8;0.637183909;-0.026307026;4.54E-06
Kaczorowskietal_2014;253;Robbers;Non-Experimental;Facultative;Nicotiana_glauca;Nicotiana_glauca;Nicotiana;Solanaceae;yes;bird-bird;nectar;12;0.008;0.00057735;12;0.005;0.000288675;0.470003629;0.000711805
Kaczorowskietal_2014;254;Robbers;Non-Experimental;Facultative;Nicotiana_glauca;Nicotiana_glauca;Nicotiana;Solanaceae;yes;bird-bird;nectar;12;0.007;0.000866025;12;0.001;8.66E-05;1.945910149;0.001900508
Lara&Ornelas_2001;109;Thieves;Experimental;Experimental;Moussonia_deppeana;Moussonia_deppeana;Moussonia;Gesneriaceae;yes;insect-bird;nectar;20;1.3;0.08;20;2.5;0.2;-0.653926467;0.000509349
Lara&Ornelas_2001;110;Thieves;Experimental;Experimental;Moussonia_deppeana;Moussonia_deppeana;Moussonia;Gesneriaceae;yes;insect-bird;nectar;20;0.91;0.07;20;1.73;0.07;-0.642432088;0.000377718
Lara&Ornelas_2001;111;Thieves;Experimental;Experimental;Moussonia_deppeana;Moussonia_deppeana;Moussonia;Gesneriaceae;yes;insect-bird;nectar;20;0.87;0.04;20;1.55;0.07;-0.577516998;0.000207671
Lara&Ornelas_2001;112;Thieves;Experimental;Experimental;Moussonia_deppeana;Moussonia_deppeana;Moussonia;Gesneriaceae;yes;insect-bird;visitation;10;5.2;0.38;10;6.5;0.72;-0.223143551;0.001761006
Lara&Ornelas_2001;113;Robbers;Experimental;Experimental;Ipomea_hederifolia;Ipomea_hederifolia;Ipomea;Convolvulaceae;no;bird-bird;female;30;0.52;0.06;30;0.59;0.02;-0.126293725;0.00048209
Lasso&Naranjo_2003;114;Robbers;Experimental;Experimental;Hamelia_patens;Hamelia_patens;Hamelia;Rubiaceae;yes;bird-bird;female;18;4367.3;387.7;14;5510;510.2;-0.232419654;0.001050238
Lasso&Naranjo_2003;115;Robbers;Experimental;Experimental;Hamelia_patens;Hamelia_patens;Hamelia;Rubiaceae;yes;bird-bird;nectar;19;36.5;1.9;19;33.4;6.4;0.088756361;0.002075089
Lietal_2021;116;Thieves;Experimental;Experimental;Impatiens_oxyanthera;Impatiens_oxyanthera;Impatiens;Balsaminaceae;no;NA;visitation;20;0.09;0.089442719;20;0.4;0.178885438;-1.491654877;0.059382716
Lietal_2021;117;Thieves;Experimental;Experimental;Impatiens_oxyanthera;Impatiens_oxyanthera;Impatiens;Balsaminaceae;no;NA;visitation;20;3.63;0.849705831;20;5.92;2.593838854;-0.489103801;0.012338346
MacDade&Weeks2004;118;Robbers;Experimental;Experimental;Aphelandra_sinclairiana;Aphelandra_sinclairiana;Aphelandra;Acanthaceae;no;NA;female;174;3;1.83;183;2.9;1.7;0.033901552;0.004016312
Mackinetal_2021;119;Robbers;Experimental;Experimental;Digitalis_purpurea;Digitalis_purpurea;Digitalis;Plantaginaceae;yes;NA;female;72;510.7;71.18;87;823.6;49.98;-0.477902642;0.000312135
Mackinetal_2021;120;Robbers;Experimental;Experimental;Digitalis_purpurea;Digitalis_purpurea;Digitalis;Plantaginaceae;yes;NA;visitation;120;6.6;5.3;210;10.3;9.5;-0.445074246;0.009424732
Mackinetal_2021;121;Robbers;Experimental;Experimental;Digitalis_purpurea;Digitalis_purpurea;Digitalis;Plantaginaceae;yes;NA;visitation;1288;0.7;1.7;1288;1;2;-0.356674944;0.007684751
Mackinetal_2021;122;Robbers;Experimental;Experimental;Digitalis_purpurea;Digitalis_purpurea;Digitalis;Plantaginaceae;yes;NA;male;50;149.17;72.74;43;178.33;57.9;-0.178549171;0.007207236
Mackinetal_2021;123;Robbers;Experimental;Experimental;Digitalis_purpurea;Digitalis_purpurea;Digitalis;Plantaginaceae;yes;NA;visitation;1288;0.7;1.7;1288;0.6;0.7;0.15415068;0.005635924
Mackinetal_2021;124;Robbers;Experimental;Experimental;Digitalis_purpurea;Digitalis_purpurea;Digitalis;Plantaginaceae;yes;NA;visitation;1288;0.3;1;1288;0.2;0.7;0.405465108;0.018137509
Mackinetal_2021;125;Robbers;Experimental;Experimental;Digitalis_purpurea;Digitalis_purpurea;Digitalis;Plantaginaceae;yes;NA;visitation;1288;0.6;1.6;1288;0.2;0.9;1.098612289;0.021243099
Mallof_2001;126;Robbers;Non-Experimental;Obligatory;Corydalis_caseana;Corydalis_caseana;Corydalis;Papaveraceae;yes;insect-insect;nectar;28;1.1;0.76;28;4.7;1.82;-1.452252329;0.022403771
Mallof_2001;255;Robbers;Non-Experimental;Obligatory;Corydalis_caseana;Corydalis_caseana;Corydalis;Papaveraceae;yes;insect-insect;nectar;28;1.1;0.07181325;28;4.7;13.34847625;-1.452252329;0.288229917
Mallof_2001;256;Robbers;Non-Experimental;Obligatory;Corydalis_caseana;Corydalis_caseana;Corydalis;Papaveraceae;yes;insect-insect;female;8;3.7;0.182079996;8;3.34;2.07950098;0.102362013;0.048757349
Mallof_2001;257;Robbers;Non-Experimental;Obligatory;Corydalis_caseana;Corydalis_caseana;Corydalis;Papaveraceae;yes;insect-insect;female;32;62.7;1.259533954;69;54.15;4.356977575;0.146603474;0.000106437
Mallof_2001;258;Robbers;Non-Experimental;Obligatory;Corydalis_caseana;Corydalis_caseana;Corydalis;Papaveraceae;yes;insect-insect;visitation;40;32;0.442718872;35;21;3.093592168;0.421213465;0.000624825
Mayeretal_2014;127;Robbers;Experimental;Experimental;Aconitum_napellus;Aconitum_napellus;Aconitum;Ranunculaceae;yes;insect-insect;visitation;20;0.16;0.21;20;0.46;0.58;-1.056052674;0.165622416
Mayeretal_2014;128;Robbers;Experimental;Experimental;Aconitum_napellus;Aconitum_napellus;Aconitum;Ranunculaceae;yes;insect-insect;visitation;20;2.5;1.4;20;3;2.3;-0.182321557;0.045068889
Mayeretal_2014;129;Robbers;Experimental;Experimental;Aconitum_napellus;Aconitum_napellus;Aconitum;Ranunculaceae;yes;insect-insect;visitation;20;10.6;5;20;12.5;7;-0.164874643;0.026804956
Mayeretal_2014;130;Robbers;Experimental;Experimental;Aconitum_napellus;Aconitum_napellus;Aconitum;Ranunculaceae;yes;insect-insect;visitation;20;2.2;1.2;20;2.4;1.9;-0.087011377;0.046212839
Mayeretal_2014;131;Robbers;Experimental;Experimental;Aconitum_napellus;Aconitum_napellus;Aconitum;Ranunculaceae;yes;insect-insect;female;30;78.1;10.4;30;81.1;7.2;-0.037692904;0.000853801
Mayeretal_2014;132;Robbers;Experimental;Experimental;Aconitum_napellus;Aconitum_napellus;Aconitum;Ranunculaceae;yes;insect-insect;visitation;5;19.6;29.2;5;16.8;18.6;0.15415068;0.689051437
Mayeretal_2014;133;Robbers;Experimental;Experimental;Aconitum_napellus;Aconitum_napellus;Aconitum;Ranunculaceae;yes;insect-insect;visitation;20;0.34;0.53;20;0.19;0.23;0.581921545;0.194765238
Mayeretal_2014;134;Robbers;Experimental;Experimental;Aconitum_napellus;Aconitum_napellus;Aconitum;Ranunculaceae;yes;insect-insect;visitation;5;32.8;36.5;5;6.9;9.6;1.558907104;0.634812497
McDonald&Caruso2019;135;Robbers;Experimental;Experimental;Impatiens_capensis;Impatiens_capensis;Impatiens;Balsaminaceae;yes;insect-insect;female;28;2.78;0.22;31;3.2;0.175;-0.140699882;0.00032014
McDonald&Caruso2019;136;Robbers;Experimental;Experimental;Impatiens_capensis;Impatiens_capensis;Impatiens;Balsaminaceae;yes;insect-insect;female;75;105.11;21.53;75;96.11;20.36;0.089514052;0.001157773
Milet-Pinheiro&Schlindwein_2009;137;Robbers;Non-Experimental;Obligatory;Jacaranda_rugosa;Jacaranda_rugosa;Jacaranda;Bignoniaceae;no;insect-insect;visitation;62;4.5;2.1;62;10.9;6.6;-0.884685392;0.009426026
Missagia&Alves2017;138;Thieves;Non-Experimental;Obligatory;Heliconia_spathocircinata;Heliconia_spathocircinata;Heliconia;Heliconiaceae;no;insect-bird;visitation;20;0.16;0.58;20;0.93;1.05;-1.760010771;0.720766942
Missagia&Alves2017;139;Thieves;Non-Experimental;Obligatory;Heliconia_spathocircinata;Heliconia_spathocircinata;Heliconia;Heliconiaceae;no;insect-bird;visitation;20;0.3;0.59;20;1.08;1.35;-1.280933845;0.271513889
Missagia&Alves2017;140;Thieves;Non-Experimental;Obligatory;Heliconia_spathocircinata;Heliconia_spathocircinata;Heliconia;Heliconiaceae;no;insect-bird;visitation;20;0.25;0.47;20;0.85;0.91;-1.223775432;0.234027958
Missagia&Alves2017;141;Thieves;Non-Experimental;Obligatory;Heliconia_spathocircinata;Heliconia_spathocircinata;Heliconia;Heliconiaceae;no;insect-bird;nectar;20;24.18;7.34;20;44.24;10.54;-0.604103512;0.007445388
Morris_1996;142;Robbers;Non-Experimental;Obligatory;Mertensia_paniculata;Mertensia_paniculata;Mertensia;Boraginaceae;yes;insect-insect;nectar;12;0.74;3.88;12;3.98;2.633;-1.682386912;2.327438201
Morris_1996;143;Robbers;Non-Experimental;Obligatory;Mertensia_paniculata;Mertensia_paniculata;Mertensia;Boraginaceae;yes;insect-insect;female;50;5.39;1.98;50;5.41;2.121;-0.003703708;0.005772967
Morris_1996;144;Robbers;Non-Experimental;Obligatory;Mertensia_paniculata;Mertensia_paniculata;Mertensia;Boraginaceae;yes;insect-insect;female;50;3.42;4.738;50;3.17;3.041;0.075908963;0.056790921
Morris_1996;145;Robbers;Non-Experimental;Obligatory;Mertensia_paniculata;Mertensia_paniculata;Mertensia;Boraginaceae;yes;insect-insect;female;50;5.07;3.677;50;4.47;3.536;0.125952409;0.023034899
Pelayoetal2011;146;Robbers;Non-Experimental;NA;Passiflora_mixta;Passiflora_mixta;Passiflora;Passifloraceae;no;bird-bird;female;31;151;38.97435054;31;81;89.08422981;0.622830682;0.041167471
Pollato&Alves-Junior_2022;147;Robbers;Non-Experimental;Obligatory;Pyrostegia_venusta;Pyrostegia_venusta;Pyrostegia;Bignoniaceae;no;insect-bird;nectar;50;4.28;0.43;50;23.73;13.84;-1.712787061;0.007004971
Pollato&Alves-Junior_2022;148;Robbers;Non-Experimental;Obligatory;Pyrostegia_venusta;Pyrostegia_venusta;Pyrostegia;Bignoniaceae;no;insect-bird;nectar;50;6.12;1.82;50;24.62;3.65;-1.391997024;0.002208346
Quinalhaetal2017;149;Thieves;Non-Experimental;Obligatory;Jacaranda_caroba;Jacaranda_caroba;Jacaranda;Bignoniaceae;yes;insect-insect;female;30;4.04;20.97777395;30;13.93;86.32107506;-1.237800096;2.178742204
Richardson_2004;150;Robbers;Non-Experimental;Obligatory;Chilopsis_linearis;Chilopsis_linearis;Chilopsis;Bignoniaceae;no;insect-insect;female;4;0.5;1.2;42;1.7;2.13864443;-1.223775432;1.477681661
Richardson_2004;151;Robbers;Non-Experimental;Obligatory;Chilopsis_linearis;Chilopsis_linearis;Chilopsis;Bignoniaceae;no;insect-insect;nectar;6;0.7;1.469693846;61;1.9;3.12409987;-0.99852883;0.779015208
Richardson_2004;152;Robbers;Non-Experimental;Obligatory;Chilopsis_linearis;Chilopsis_linearis;Chilopsis;Bignoniaceae;no;insect-insect;nectar;41;59.9;79.71889676;23;32;24.89036561;0.626940602;0.069504916
Richmanetal_2018;153;Robbers;Experimental;Experimental;Ipomopis_aggregata;Ipomopis_aggregata;Ipomopis;Polemoniaceae;no;insect-bird;male;10;0.04;0.18973666;10;0.23;0.18973666;-1.749199855;2.31805294
Richmanetal_2018;154;Robbers;Experimental;Experimental;Ipomopis_aggregata;Ipomopis_aggregata;Ipomopis;Polemoniaceae;no;insect-bird;female;40;22;29.53567335;40;68.22;50.59644256;-1.131695324;0.058811416
Richmanetal_2018;155;Robbers;Experimental;Experimental;Ipomopis_aggregata;Ipomopis_aggregata;Ipomopis;Polemoniaceae;no;insect-bird;female;40;0.22;0.126491106;40;0.54;0.18973666;-0.897941593;0.011350883
Richmanetal_2018;156;Robbers;Experimental;Experimental;Ipomopis_aggregata;Ipomopis_aggregata;Ipomopis;Polemoniaceae;no;insect-bird;female;40;1.41;1.075174404;40;2.25;1.075174404;-0.467340512;0.020245134
Richmanetal_2018;157;Robbers;Experimental;Experimental;Ipomopis_aggregata;Ipomopis_aggregata;Ipomopis;Polemoniaceae;no;insect-bird;female;40;43.33;42.18478399;40;68.22;50.59644256;-0.453892541;0.037447664
Richmanetal_2018;158;Robbers;Experimental;Experimental;Ipomopis_aggregata;Ipomopis_aggregata;Ipomopis;Polemoniaceae;no;insect-bird;female;40;0.35;0.18973666;40;0.54;0.18973666;-0.433635985;0.010433359
Richmanetal_2018;160;Robbers;Experimental;Experimental;Ipomopis_aggregata;Ipomopis_aggregata;Ipomopis;Polemoniaceae;no;insect-bird;visitation;30;0.05;0.038340579;30;0.076;0.109544512;-0.418710335;0.088852078
Richmanetal_2018;159;Robbers;Experimental;Experimental;Ipomopis_aggregata;Ipomopis_aggregata;Ipomopis;Polemoniaceae;no;insect-bird;visitation;30;0.05;0.054772256;30;0.076;0.109544512;-0.418710335;0.109252079
Richmanetal_2018;161;Robbers;Experimental;Experimental;Ipomopis_aggregata;Ipomopis_aggregata;Ipomopis;Polemoniaceae;no;insect-bird;female;139;28.98;19.68900962;156;39.89;23.85589235;-0.319519729;0.005613405
Richmanetal_2018;162;Robbers;Experimental;Experimental;Ipomopis_aggregata;Ipomopis_aggregata;Ipomopis;Polemoniaceae;no;insect-bird;visitation;20;6.65;2.638560213;20;8.9;2.683281573;-0.291434422;0.012416439
Richmanetal_2018;163;Robbers;Experimental;Experimental;Ipomopis_aggregata;Ipomopis_aggregata;Ipomopis;Polemoniaceae;no;insect-bird;female;140;36.73;25.08417828;156;39.89;23.85589235;-0.082531806;0.005624078
Richmanetal_2018;164;Robbers;Experimental;Experimental;Ipomopis_aggregata;Ipomopis_aggregata;Ipomopis;Polemoniaceae;no;insect-bird;visitation;20;0.5;0.178885438;20;0.53;0.134164079;-0.058268908;0.009603987
Richmanetal_2018;165;Robbers;Experimental;Experimental;Ipomopis_aggregata;Ipomopis_aggregata;Ipomopis;Polemoniaceae;no;insect-bird;female;40;2.14;1.39140217;40;2.25;1.075174404;-0.050124387;0.016277251
Rojas-Nossaetal2016;166;Robbers;Experimental;Experimental;Lonicera_etrusca;Lonicera_etrusca;Lonicera;Caprifoliaceae;yes;insect-insect;female;50;1.06;0.05;50;7.89;0.03;-2.007327227;4.48E-05
Rojas-Nossaetal2016;167;Robbers;Experimental;Experimental;Lonicera_etrusca;Lonicera_etrusca;Lonicera;Caprifoliaceae;yes;insect-insect;male;50;2032.197;385.97;50;2024.621;385.976;0.003734951;0.001448329
Rojas-Nossaetal2016;168;Robbers;Experimental;Experimental;Lonicera_etrusca;Lonicera_etrusca;Lonicera;Caprifoliaceae;yes;insect-insect;female;50;1.21;0.06;50;1.187;0.065;0.019191244;0.00010915
Saezetal_2017;169;Robbers;Non-Experimental;Facultative;Rubus_idaeus;Rubus_idaeus;Rubus;Rosaceae;no;insect-insect;nectar;15;0.88;0.349;20;3.97;10.129;-1.506599466;0.335963994
Santosetal2020;170;Robbers;Non-Experimental;Facultative;Tecoma_stans;Tecoma_stans;Tecoma;Bignoniaceae;yes;insect-bird;female;300;50.9;21.4;300;59.4;7.8;-0.154431303;0.000646688
Santosetal2020;171;Robbers;Non-Experimental;Facultative;Tecoma_stans;Tecoma_stans;Tecoma;Bignoniaceae;yes;insect-bird;female;300;13.3;18.4;300;15;16.8;-0.120286166;0.010561193
Santosetal2020;172;Robbers;Non-Experimental;Facultative;Tecoma_stans;Tecoma_stans;Tecoma;Bignoniaceae;yes;insect-bird;female;300;43.2;18.3;300;43.4;18.3;-0.004618946;0.001190809
Santosetal2020;173;Robbers;Non-Experimental;Facultative;Tecoma_stans;Tecoma_stans;Tecoma;Bignoniaceae;yes;insect-bird;female;300;2.2;7.1;300;1.6;6.2;0.318453731;0.084769714
Singhetal_2014;174;Robbers;Non-Experimental;NA;Tecomella_undulata;Tecomella_undulata;Tecomella;Bignoniaceae;no;bird-bird;visitation;40;4.17;1.834121043;40;18.72;4.74341649;-1.501676435;0.006441551
Singhetal_2014;175;Robbers;Non-Experimental;NA;Tecomella_undulata;Tecomella_undulata;Tecomella;Bignoniaceae;no;bird-bird;nectar;15;0.2;0.038729833;15;0.51;0.774596669;-0.936093359;0.156287005
Singhetal_2014;176;Robbers;Non-Experimental;NA;Tecomella_undulata;Tecomella_undulata;Tecomella;Bignoniaceae;no;bird-bird;visitation;40;2.05;1.011928851;40;4.95;1.454647724;-0.881547783;0.008250576
Singhetal_2014;177;Robbers;Non-Experimental;NA;Tecomella_undulata;Tecomella_undulata;Tecomella;Bignoniaceae;no;bird-bird;visitation;40;6.72;0.316227766;40;2.2;1.075174404;1.116630794;0.006026435
Souzaetal_2019;178;Robbers;Non-Experimental;Obligatory;Jacaranda_rugosa;Jacaranda_rugosa;Jacaranda;Bignoniaceae;no;insect-insect;nectar;2;29.9;11.39;3;58.24;22.48;0.666713923;0.295380506
Takedaetal_2021;179;Thieves;Non-Experimental;Obligatory;Codonopsis_lanceolata;Codonopsis_lanceolata;Codonopsis;Campanulaceae;no;NA;visitation;147;7.04;4.3;28;9.92;8.68;-0.342944751;0.029881649
Takedaetal_2021;180;Thieves;Non-Experimental;Obligatory;Codonopsis_lanceolata;Codonopsis_lanceolata;Codonopsis;Campanulaceae;no;NA;visitation;22;6.82;7.46;24;3.73;3.76;0.603451238;0.096725491
Tameles&Pan_2022;181;Robbers;Non-Experimental;Experimental;Impatiens_capensis;Impatiens_capensis;Impatiens;Balsaminaceae;yes;insect-insect;nectar;30;0.3;0.328633535;89;1.51;0.943398113;-1.616082455;0.044385773
Tameles&Pan_2022;182;Robbers;Non-Experimental;Experimental;Impatiens_capensis;Impatiens_capensis;Impatiens;Balsaminaceae;yes;insect-insect;nectar;50;0.26;0.353553391;78;1.13;0.618223261;-1.469291281;0.040819667
Tameles&Pan_2022;183;Robbers;Non-Experimental;Experimental;Impatiens_capensis;Impatiens_capensis;Impatiens;Balsaminaceae;yes;insect-insect;nectar;54;0.6;0.514392846;40;0.89;0.695701085;-0.394291808;0.02888696
Tameles&Pan_2022;184;Robbers;Experimental;Experimental;Impatiens_capensis;Impatiens_capensis;Impatiens;Balsaminaceae;yes;insect-insect;female;44;135;119.3984925;35;139;136.069835;-0.029199155;0.045157313
Tameles&Pan_2022;185;Robbers;Experimental;Experimental;Impatiens_capensis;Impatiens_capensis;Impatiens;Balsaminaceae;yes;insect-insect;male;37;58784;257.4225103;23;5900;63.30497611;2.298917358;5.52E-06
Travesetetal1998;186;Robbers;Non-Experimental;Facultative;Fuchsia_magellanica;Fuchsia_magellanica;Fuchsia;Onagraceae;yes;bird-bird;female;20;80;19.677;20;100;0;-0.223143551;0.003024878
Utelli&Roy2001;187;Robbers;Non-Experimental;Obligatory;Aconitum_lycoctonum;Aconitum_lycoctonum;Aconitum;Ranunculaceae;yes;insect-insect;female;23;2.5;0.959;23;2.6;0.959;-0.039220713;0.012312889
Utelli&Roy2001;188;Robbers;Non-Experimental;Obligatory;Aconitum_lycoctonum;Aconitum_lycoctonum;Aconitum;Ranunculaceae;yes;insect-insect;female;14;3.2;0.748;17;3.1;0.825;0.031748698;0.008068947
Utelli&Roy2001;189;Robbers;Non-Experimental;Obligatory;Aconitum_lycoctonum;Aconitum_lycoctonum;Aconitum;Ranunculaceae;yes;insect-insect;female;24;16.08;6.761;24;14.08;7.25;0.132820913;0.0184135
Valdivia&Gonzalez-Gomes_2006;190;Thieves;Non-Experimental;Facultative;Lapageria_rosea;Lapageria_rosea;Lapageria;Philesiaceae;yes;bird-bird;female;21;25.92;20.576;21;35.1;19.155;-0.303186259;0.044189475
Valdivia&Gonzalez-Gomes_2006;191;Thieves;Non-Experimental;Facultative;Lapageria_rosea;Lapageria_rosea;Lapageria;Philesiaceae;yes;bird-bird;male;21;0.54;1.283;21;0.62;1.604;-0.138150338;0.587528273
Varma&Sinu2019;192;Robbers;Non-Experimental;Obligatory;Embothrium_coccineum;Embothrium_coccineum;Embothrium;Proteaceae;yes;insect-bird;female;30;2.3;8.764;30;3.5;13.693;-0.419853846;0.994179758
Varma&Sinu2019;193;Robbers;Non-Experimental;NA;Sesamum_radiatum;Sesamum_radiatum;Sesamum;Pedaliaceae;yes;insect-insect;female;29;3.8;0.26;29;3.8;0.27;0;0.000335514
Varma&Sinu2019;194;Robbers;Non-Experimental;NA;Sesamum_radiatum;Sesamum_radiatum;Sesamum;Pedaliaceae;yes;insect-insect;female;29;0.93;0.25;29;0.89;0.14;0.043963123;0.00334507
Varma&Sinu2019;195;Robbers;Non-Experimental;Obligatory;Embothrium_coccineum;Embothrium_coccineum;Embothrium;Proteaceae;yes;insect-bird;female;30;14.5;19.17028951;30;9;1.00E-03;0.476924072;0.058263972
Varmaetal2020;196;Robbers;Non-Experimental;Obligatory;Leucas_aspera;Leucas_aspera;Leucas;Lamiaceae;yes;insect-insect;female;29;0.81;0.28;29;0.89;0.16;-0.094187215;0.005234936
Varmaetal2020;197;Robbers;Non-Experimental;Obligatory;Leucas_aspera;Leucas_aspera;Leucas;Lamiaceae;yes;insect-insect;female;30;0.49;0.097;30;0.51;0.097;-0.040005335;0.00251208
Varmaetal2020;198;Robbers;Non-Experimental;Obligatory;Leucas_aspera;Leucas_aspera;Leucas;Lamiaceae;yes;insect-insect;female;29;3.79;0.28;29;3.82;0.42;-0.007884404;0.000605053
Yeetal_2017;199;Robbers;Non-Experimental;Experimental;Salvia_przewalskii;Salvia_przewalskii;Salvia;Lamiaceae;no;insect-insect;nectar;30;0.94;0.29;30;1.17;0.37;-0.218879153;0.006506204
Yeetal_2017;200;Robbers;Non-Experimental;Experimental;Salvia_przewalskii;Salvia_przewalskii;Salvia;Lamiaceae;no;insect-insect;visitation;10;7.14;1.328;10;6.77;2.435;0.053211689;0.016396005
Yeetal_2017;201;Robbers;Non-Experimental;Experimental;Salvia_przewalskii;Salvia_przewalskii;Salvia;Lamiaceae;no;insect-insect;visitation;3;4.9;4.1;3;2.41;0.3;0.709608458;0.238540183
Zhangetal_2009b;202;Robbers;Non-Experimental;Obligatory;Glechoma_longituba;Glechoma_longituba;Glechoma;Lamiaceae;yes;insect-insect;visitation;5;1.62;0.626;5;2.26;0.917;-0.332938664;0.062791017
Zhangetal_2009b;203;Robbers;Non-Experimental;Obligatory;Glechoma_longituba;Glechoma_longituba;Glechoma;Lamiaceae;yes;insect-insect;visitation;5;32.2;9.168;5;44.6;14.758;-0.325767406;0.038111699
Zhangetal_2009b;204;Robbers;Non-Experimental;Obligatory;Glechoma_longituba;Glechoma_longituba;Glechoma;Lamiaceae;yes;insect-insect;visitation;5;69.3;16.1;5;89.2;19.454;-0.252436133;0.02030783
Zhangetal_2009b;205;Robbers;Non-Experimental;Obligatory;Glechoma_longituba;Glechoma_longituba;Glechoma;Lamiaceae;yes;insect-insect;visitation;5;72.7;12.298;5;79.6;9.391;-0.090672708;0.008506817
Zhangetal_2009b;206;Robbers;Non-Experimental;Obligatory;Glechoma_longituba;Glechoma_longituba;Glechoma;Lamiaceae;yes;insect-insect;visitation;5;82.3;8.497;5;78.2;7.155;0.05110146;0.003806184
Zhangetal_2009b;207;Robbers;Non-Experimental;Obligatory;Glechoma_longituba;Glechoma_longituba;Glechoma;Lamiaceae;yes;insect-insect;nectar;19;73.19;47.948;19;61.97;76.629;0.166408403;0.103064937
Zhangetal_2009b;208;Robbers;Non-Experimental;Obligatory;Glechoma_longituba;Glechoma_longituba;Glechoma;Lamiaceae;yes;insect-insect;visitation;5;0.95;0.492;5;0.67;0.693;0.349184272;0.267610022
Zhangetal_2010a;209;Robbers;Non-Experimental;Facultative;Glechoma_longituba;Glechoma_longituba;Glechoma;Lamiaceae;yes;insect-insect;visitation;4;19.45;6.62;4;81.32;9.74;-1.430544919;0.032547652
Zhangetal_2010a;210;Robbers;Non-Experimental;Facultative;Glechoma_longituba;Glechoma_longituba;Glechoma;Lamiaceae;yes;insect-insect;visitation;4;20.51;5.18;4;81.32;9.74;-1.377479417;0.019533041
Zhangetal_2010a;211;Robbers;Non-Experimental;Facultative;Glechoma_longituba;Glechoma_longituba;Glechoma;Lamiaceae;yes;insect-insect;nectar;30;0.08;0.164;30;0.25;0.876;-1.139434283;0.549350533
Zhangetal_2010a;212;Robbers;Non-Experimental;Facultative;Glechoma_longituba;Glechoma_longituba;Glechoma;Lamiaceae;yes;insect-insect;nectar;30;0.09;0.219;30;0.25;0.876;-1.021651248;0.60663757
Zhangetal_2010a;213;Robbers;Non-Experimental;Facultative;Glechoma_longituba;Glechoma_longituba;Glechoma;Lamiaceae;yes;insect-insect;female;4;34.72;10.9;4;79.77;13.68;-0.831831604;0.031992061
Zhangetal_2010a;214;Robbers;Non-Experimental;Facultative;Glechoma_longituba;Glechoma_longituba;Glechoma;Lamiaceae;yes;insect-insect;female;59;9.61;26.27;262;13.85;91.939;-0.36548101;0.29484415
Zhangetal_2010a;215;Robbers;Non-Experimental;Facultative;Glechoma_longituba;Glechoma_longituba;Glechoma;Lamiaceae;yes;insect-insect;female;81;2.34;12.96;206;2.68;13.922;-0.135665865;0.509696763
Zhangetal_2010a;216;Robbers;Non-Experimental;Facultative;Glechoma_longituba;Glechoma_longituba;Glechoma;Lamiaceae;yes;insect-insect;female;4;73.59;12.86;4;79.77;13.68;-0.080638347;0.014987032
Zhangetal_2010a;217;Robbers;Non-Experimental;Facultative;Glechoma_longituba;Glechoma_longituba;Glechoma;Lamiaceae;yes;insect-insect;female;286;2.61;20.632;206;2.68;13.922;-0.026466573;0.349490574
Zhangetal_2010a;218;Robbers;Non-Experimental;Facultative;Glechoma_longituba;Glechoma_longituba;Glechoma;Lamiaceae;yes;insect-insect;female;37;17.79;38.017;262;13.85;91.939;0.250351269;0.291614131
Zhangetal_2014;219;Thieves;Non-Experimental;Obligatory;Corydalis_ambigua;Corydalis_ambigua;Corydalis;Papaveraceae;yes;insect-insect;visitation;120;7.59;33.411;120;82.7;44.146;-2.388388011;0.163852893
Zhangetal_2014;220;Robbers;Non-Experimental;Facultative;Corydalis_ambigua;Corydalis_ambigua;Corydalis;Papaveraceae;yes;insect-insect;visitation;120;9.63;46.118;120;82.7;44.146;-2.150336376;0.193495028
Zhangetal_2014;221;Robbers;Non-Experimental;Facultative;Corydalis_ambigua;Corydalis_ambigua;Corydalis;Papaveraceae;yes;insect-insect;female;60;52.27;29.125;60;71.48;36.793;-0.312995098;0.009590393
Zhangetal_2014;222;Thieves;Non-Experimental;Obligatory;Corydalis_ambigua;Corydalis_ambigua;Corydalis;Papaveraceae;yes;insect-insect;visitation;120;28.89;49.952;120;37.04;69.123;-0.248502895;0.053934836
Zhangetal_2014;223;Robbers;Non-Experimental;Facultative;Corydalis_ambigua;Corydalis_ambigua;Corydalis;Papaveraceae;yes;insect-insect;visitation;120;34.07;53.677;120;37.07;69.123;-0.084390785;0.049659468
Zhangetal2007;224;Robbers;Non-Experimental;Facultative;Glechoma_longituba;Glechoma_longituba;Glechoma;Lamiaceae;yes;insect-insect;male;575;58.89;90.881;584;80.35;98.114;-0.310720795;0.006695014
Zhangetal2007;225;Robbers;Non-Experimental;Facultative;Glechoma_longituba;Glechoma_longituba;Glechoma;Lamiaceae;yes;insect-insect;male;575;64.86;72.897;575;83.33;108.865;-0.250577528;0.005165123
Zhangetal2007;226;Robbers;Non-Experimental;Facultative;Glechoma_longituba;Glechoma_longituba;Glechoma;Lamiaceae;yes;insect-insect;male;80;2.73;2.147;1000;2.96;11.068;-0.080887659;0.02171277
Zhangetal2007;227;Robbers;Non-Experimental;Facultative;Glechoma_longituba;Glechoma_longituba;Glechoma;Lamiaceae;yes;insect-insect;male;40;4085;8949.246;40;3627;11314.629;0.118915868;0.363276218
Zhangetal2007;228;Robbers;Non-Experimental;Facultative;Glechoma_longituba;Glechoma_longituba;Glechoma;Lamiaceae;yes;insect-insect;male;373;15.96;139.441;469;13.85;346.503;0.141800359;1.539218236
Zhangetal2009a;229;Robbers;Non-Experimental;Facultative;Corydalis_ternatifolia;Corydalis_ternatifolia;Corydalis;Papaveraceae;NA;insect-insect;female;120;46.3;79.967;116;64.2;100.164;-0.32686125;0.045843036
Zhangetal2009a;230;Robbers;Non-Experimental;Obligatory;Glechoma_longituba;Glechoma_longituba;Glechoma;Lamiaceae;yes;insect-insect;female;5;63.4;10.733;5;70.6;9.839;-0.107566283;0.009616223
Zhangetal2009a;231;Robbers;Non-Experimental;Obligatory;Glechoma_longituba;Glechoma_longituba;Glechoma;Lamiaceae;yes;insect-insect;female;5;76.2;7.379;5;81.7;7.826;-0.069692539;0.003710616
Zhangetal2009a;232;Robbers;Non-Experimental;Facultative;Corydalis_tomentella;Corydalis_tomentella;Corydalis;Papaveraceae;yes;insect-insect;female;73;97.2;5.126;118;98.4;4.345;-0.012270093;5.46E-05
Zhangetal2009a;233;Robbers;Non-Experimental;Facultative;Corydalis_incisa;Corydalis_incisa;Corydalis;Papaveraceae;no;insect-insect;female;115;70.7;94.369;119;66.6;83.997;0.059740995;0.028859463
Zhangetal2011;234;Robbers;Experimental;Experimental;Comastoma_pulmonarium;Comastoma_pulmonarium;Comastoma;Gentianaceae;yes;NA;female;60;40.6;22.463;60;48;28.66;-0.167432944;0.011043711
Zhangetal2011;235;Robbers;Experimental;Experimental;Comastoma_pulmonarium;Comastoma_pulmonarium;Comastoma;Gentianaceae;yes;NA;female;60;40.8;17.816;60;48.1;27.111;-0.164600096;0.008472764
Zhangetal2011;236;Robbers;Experimental;Experimental;Comastoma_pulmonarium;Comastoma_pulmonarium;Comastoma;Gentianaceae;yes;NA;female;60;47.4;24.012;60;48.6;21.689;-0.025001302;0.00759646
Zhangetal2011;237;Robbers;Experimental;Experimental;Comastoma_pulmonarium;Comastoma_pulmonarium;Comastoma;Gentianaceae;yes;NA;female;60;47.5;19.365;60;48.6;22.463;-0.02289382;0.006330613
Zimmerman&Cook_1985;238;Robbers;Experimental;Experimental;Impatiens_capensis;Impatiens_capensis;Impatiens;Balsaminaceae;yes;insect-insect;visitation;60;3.1;1.9;86;4.4;2.5;-0.350202429;0.010014683